{
  "project_info": {
    "project_number": "862988296440",
    "firebase_url": "https://wemeet-db7a0-default-rtdb.asia-southeast1.firebasedatabase.app",
    "project_id": "wemeet-db7a0",
    "storage_bucket": "wemeet-db7a0.appspot.com"
  },
  "client": [
    {
      "client_info": {
        "mobilesdk_app_id": "1:862988296440:android:301f7a1ee5371354035b0d",
        "android_client_info": {
          "package_name": "ph.edu.dlsu.s12.anyayahan.aquino.wemeet_anyayahan_aquino"
        }
      },
      "oauth_client": [
        {
          "client_id": "862988296440-k2gf4b78gotbhrq9173gs93k75ob6ksf.apps.googleusercontent.com",
          "client_type": 1,
          "android_info": {
            "package_name": "ph.edu.dlsu.s12.anyayahan.aquino.wemeet_anyayahan_aquino",
            "certificate_hash": "c8579984e81d4e78784a2bd98450f04f82e7f64e"
          }
        },
        {
          "client_id": "862988296440-cmjcc2juk2h95dhltiie48lk3do50t2n.apps.googleusercontent.com",
          "client_type": 3
        }
      ],
      "api_key": [
        {
          "current_key": "AIzaSyBJXb3ZN-O1BxhHyZoiwibWK63V5BrlvW0"
        }
      ],
      "services": {
        "appinvite_service": {
          "other_platform_oauth_client": [
            {
              "client_id": "862988296440-cmjcc2juk2h95dhltiie48lk3do50t2n.apps.googleusercontent.com",
              "client_type": 3
            }
          ]
        }
      }
    }
  ],
  "configuration_version": "1"
}